Queen & Princess P28 -JackElsaFrozenAnna - LetItGo - Music - Trailer - Emotional -Cat & Dog,,,,,,,,,,,124857187 views,,9th. Mar. 2015
Frozen Elsa & Spiderman vs Evil Queen! Elsa Gets a Gummy Joker Tongue! Superhero Fun in Real Life,,,,,,,,,,,"2,171,682 views",,12th. Jun. 2016
"Clown vs Frozen Elsa, Elsa baby w Elsa Vampire, Spiderman, Spiderbaby, ariel mermaid",,,,,,,,,,,"6,497 views",,21st. Aug. 2018
SPIDERMAN vs ELSA PRANK COMPILATION vs Joker In Real Life | Superhero and Princess Compilations,,,,,,,,,,,5.889 views,,21st. Aug. 2016
Bride Battle! Cat Noir has two brides: Wednesday and Ladybug - Survive them from 18 to 100 years!,,,,,,,,,,,"1,259,372 views  ",,10th. May. 2023
Pregnant Ladybug / Cat Noir and Ladybug Expecting a Baby / Part 2,,,,,,,,,,,"1,684,003 views",,5th. Dec. 2023
Giant Game Of Clue But Everyone's Barbie,,,,,,,,,,,"21,194,859 views",,6th. Aug. 2023
Frozen Hospital! How to Become an Ice Mermaid,,,,,,,,,,,"702,543 views",,2nd. Nov. 2023
Rescuing Rumi from Her Betraying Husband | KPOP Demon Hunters,,,,,,,,,,,"5,983 views",,19th. Jan. 2026
What Happened at the Amusement Park?! Everyone Was Captured by Jinu ???? | KPOP Demon Hunters,,,,,,,,,,,"126,098 views",,14th. Jan. 2026
